<application>
  <component name="UISettings">
    <option name="EDITOR_TAB_LIMIT" value="15" />
    <option name="HIDE_TABS_IF_NEED" value="false" />
    <option name="IDE_AA_TYPE" value="Greyscale" />
    <option name="MARK_MODIFIED_TABS_WITH_ASTERISK" value="true" />
    <option name="PRESENTATION_MODE_FONT_SIZE" value="28" />
    <option name="SCROLL_TAB_LAYOUT_IN_EDITOR" value="false" />
    <option name="SORT_LOOKUP_ELEMENTS_LEXICOGRAPHICALLY" value="true" />
    <option name="SORT_TABS_ALPHABETICALLY" value="true" />
  </component>
</application>